covidType,repeats
equine-CoV,AATTTTACGT
equine-CoV,ATATTTACCT
equine-CoV,ATTACTATGT
equine-CoV,ATTGGTACTACA
equine-CoV,TAATGCATTT
equine-CoV,TCGTAATTTA
equine-CoV,TTATAATGCA
equine-CoV,TTATTACCAC
equine-CoV,TTATTATACA
equine-CoV,TTTTACTAAC
equine-CoV,AATTTTACGT
equine-CoV,ATATTTACCT
equine-CoV,ATTACTATGT
equine-CoV,ATTGGTACTACA
equine-CoV,TAAGTTACAC
equine-CoV,TAATGCATTT
equine-CoV,TCGTAATTTA
equine-CoV,TTATAATGCA
equine-CoV,TTATTACCAC
equine-CoV,TTATTATACA
equine-CoV,TTTTACTAAC
equine-CoV,AATTTTACGT
equine-CoV,ATATTTACCT
equine-CoV,ATTACTATGT
equine-CoV,TAATGCATTT
equine-CoV,TCGTAATTTA
equine-CoV,TTATAATGCA
equine-CoV,TTATTACCAC
equine-CoV,TTATTATACA
equine-CoV,AATTTTACGT
equine-CoV,ATAACAGGAA
equine-CoV,ATATTTACCT
equine-CoV,ATTACTATGT
equine-CoV,ATTGGTACTACA
equine-CoV,TAATGCATTT
equine-CoV,TCGTAATTTA
equine-CoV,TGTAGACGAT
equine-CoV,TTATAATGCA
equine-CoV,TTATTACCAC
equine-CoV,TTATTATACA
equine-CoV,TTTTACTAAC
equine-CoV,AATTTTACGT
equine-CoV,ATATTTACCT
equine-CoV,ATTACTATGT
equine-CoV,ATTGGTACTACA
equine-CoV,TAATGCATTT
equine-CoV,TCGTAATTTA
equine-CoV,TTATAATGCA
equine-CoV,TTATTACCAC
equine-CoV,TTATTATACA
equine-CoV,TTTTACTAAC
equine-CoV,ATTGGTACTACA
equine-CoV,TTTTATTAC
equine-CoV,TTTTATTAC
equine-CoV,ATACAATGT
equine-CoV,ATACAATGT
equine-CoV,ATTGGTACTACA
equine-CoV,TTTTATTAC
equine-CoV,TTTTATTAC
equine-CoV,AATTTTACGT
equine-CoV,ATAACAGGAA
equine-CoV,ATATTTACCT
equine-CoV,ATTACTATGT
equine-CoV,ATTGGTACTACA
equine-CoV,TAATGCATTT
equine-CoV,TCGTAATTTA
equine-CoV,TGTAGACGAT
equine-CoV,TTATAATGCA
equine-CoV,TTATTACCAC
equine-CoV,TTATTATACA
equine-CoV,TTTTACTAAC
equine-CoV,AATACTGAGAT
equine-CoV,AATTTTACGT
equine-CoV,ATATTTACCT
equine-CoV,ATTACTATGT
equine-CoV,ATTGGTACTACA
equine-CoV,TAATGCATTT
equine-CoV,TCGTAATTTA
equine-CoV,TTATAATGCA
equine-CoV,TTATTACCAC
equine-CoV,TTATTATACA
equine-CoV,TTTTACTAAC
equine-CoV,AATTTTACGT
equine-CoV,ATATTTACCT
equine-CoV,ATTACTATGT
equine-CoV,ATTGGTACTACA
equine-CoV,TCGTAATTTA
equine-CoV,TGTAGACGAT
equine-CoV,TTATTACCAC
equine-CoV,TTATTATACA
equine-CoV,TTCGTAATTT
equine-CoV,TTTTACTAAC
equine-CoV,ATACAATGT
equine-CoV,ATACAATGT
equine-CoV,ATTGGTACTACA
equine-CoV,TTTTATTAC
equine-CoV,TTTTATTAC
equine-CoV,AATTTTACGT
equine-CoV,ATATTTACCT
equine-CoV,ATTACTATGT
equine-CoV,ATTGGTACTACA
equine-CoV,TAAATTACAA
equine-CoV,TAATGCATTT
equine-CoV,TCGTAATTTA
equine-CoV,TTATAATGCA
equine-CoV,TTATTACCAC
equine-CoV,TTATTATACA
equine-CoV,TTTTACTAAC
