Accession,GenBank_RefSeq,Nucleotide,Assembly,Protein,Organism_Name,Species,Isolate,Length,Collection_Date
YP_009924357,RefSeq,NC_012936,GCF_000886515.1,nsp1,Rat coronavirus Parker,Betacoronavirus muris,,246,
YP_009924358,RefSeq,NC_012936,GCF_000886515.1,nsp2,Rat coronavirus Parker,Betacoronavirus muris,,585,
YP_009924359,RefSeq,NC_012936,GCF_000886515.1,nsp3,Rat coronavirus Parker,Betacoronavirus muris,,2000,
YP_009924360,RefSeq,NC_012936,GCF_000886515.1,nsp4,Rat coronavirus Parker,Betacoronavirus muris,,496,
YP_009924361,RefSeq,NC_012936,GCF_000886515.1,nsp5,Rat coronavirus Parker,Betacoronavirus muris,,303,
YP_009924362,RefSeq,NC_012936,GCF_000886515.1,nsp6,Rat coronavirus Parker,Betacoronavirus muris,,287,
YP_009924363,RefSeq,NC_012936,GCF_000886515.1,nsp7,Rat coronavirus Parker,Betacoronavirus muris,,92,
YP_009924364,RefSeq,NC_012936,GCF_000886515.1,nsp8,Rat coronavirus Parker,Betacoronavirus muris,,194,
YP_009924365,RefSeq,NC_012936,GCF_000886515.1,nsp9,Rat coronavirus Parker,Betacoronavirus muris,,110,
YP_009924366,RefSeq,NC_012936,GCF_000886515.1,nsp10,Rat coronavirus Parker,Betacoronavirus muris,,137,
YP_009924367,RefSeq,NC_012936,GCF_000886515.1,nsp11,Rat coronavirus Parker,Betacoronavirus muris,,14,
YP_009924368,RefSeq,NC_012936,GCF_000886515.1,nsp1,Rat coronavirus Parker,Betacoronavirus muris,,246,
YP_009924369,RefSeq,NC_012936,GCF_000886515.1,nsp2,Rat coronavirus Parker,Betacoronavirus muris,,585,
YP_009924370,RefSeq,NC_012936,GCF_000886515.1,nsp3,Rat coronavirus Parker,Betacoronavirus muris,,2000,
YP_009924371,RefSeq,NC_012936,GCF_000886515.1,nsp4,Rat coronavirus Parker,Betacoronavirus muris,,496,
YP_009924372,RefSeq,NC_012936,GCF_000886515.1,nsp5,Rat coronavirus Parker,Betacoronavirus muris,,303,
YP_009924373,RefSeq,NC_012936,GCF_000886515.1,nsp6,Rat coronavirus Parker,Betacoronavirus muris,,287,
YP_009924374,RefSeq,NC_012936,GCF_000886515.1,nsp7,Rat coronavirus Parker,Betacoronavirus muris,,92,
YP_009924375,RefSeq,NC_012936,GCF_000886515.1,nsp8,Rat coronavirus Parker,Betacoronavirus muris,,194,
YP_009924376,RefSeq,NC_012936,GCF_000886515.1,nsp9,Rat coronavirus Parker,Betacoronavirus muris,,110,
YP_009924377,RefSeq,NC_012936,GCF_000886515.1,nsp10,Rat coronavirus Parker,Betacoronavirus muris,,137,
YP_009924378,RefSeq,NC_012936,GCF_000886515.1,nsp12,Rat coronavirus Parker,Betacoronavirus muris,,928,
YP_009924379,RefSeq,NC_012936,GCF_000886515.1,nsp13,Rat coronavirus Parker,Betacoronavirus muris,,600,
YP_009924380,RefSeq,NC_012936,GCF_000886515.1,nsp14,Rat coronavirus Parker,Betacoronavirus muris,,521,
YP_009924381,RefSeq,NC_012936,GCF_000886515.1,nsp15,Rat coronavirus Parker,Betacoronavirus muris,,374,
YP_009924382,RefSeq,NC_012936,GCF_000886515.1,nsp16,Rat coronavirus Parker,Betacoronavirus muris,,299,
YP_003029844,RefSeq,NC_012936,GCF_000886515.1,ORF1ab polyprotein,Rat coronavirus Parker,Betacoronavirus muris,,7172,
YP_003029845,RefSeq,NC_012936,GCF_000886515.1,ORF1a polyprotein,Rat coronavirus Parker,Betacoronavirus muris,,4464,
YP_003029846,RefSeq,NC_012936,GCF_000886515.1,32 kD non-structural protein,Rat coronavirus Parker,Betacoronavirus muris,,265,
YP_003029847,RefSeq,NC_012936,GCF_000886515.1,hemagglutinin-esterase,Rat coronavirus Parker,Betacoronavirus muris,,439,
YP_003029848,RefSeq,NC_012936,GCF_000886515.1,spike protein,Rat coronavirus Parker,Betacoronavirus muris,,1360,
YP_003029849,RefSeq,NC_012936,GCF_000886515.1,15 kD non-structural protein,Rat coronavirus Parker,Betacoronavirus muris,,133,
YP_003029850,RefSeq,NC_012936,GCF_000886515.1,envelope protein,Rat coronavirus Parker,Betacoronavirus muris,,88,
YP_003029851,RefSeq,NC_012936,GCF_000886515.1,membrane protein,Rat coronavirus Parker,Betacoronavirus muris,,228,
YP_003029852,RefSeq,NC_012936,GCF_000886515.1,nucleocapsid protein,Rat coronavirus Parker,Betacoronavirus muris,,454,
YP_003029853,RefSeq,NC_012936,GCF_000886515.1,internal protein,Rat coronavirus Parker,Betacoronavirus muris,,207,
WYM67026,GenBank,PP526175,,ORF1ab polyprotein,Rat coronavirus,Betacoronavirus muris,Parker,7172,
WYM67027,GenBank,PP526175,,ORF2 protein,Rat coronavirus,Betacoronavirus muris,Parker,265,
WYM67028,GenBank,PP526175,,helicase protein,Rat coronavirus,Betacoronavirus muris,Parker,439,
WYM67029,GenBank,PP526175,,spike protein,Rat coronavirus,Betacoronavirus muris,Parker,1360,
WYM67030,GenBank,PP526175,,ORF5 protein,Rat coronavirus,Betacoronavirus muris,Parker,133,
WYM67031,GenBank,PP526175,,envelope protein,Rat coronavirus,Betacoronavirus muris,Parker,88,
WYM67032,GenBank,PP526175,,membrane protein,Rat coronavirus,Betacoronavirus muris,Parker,228,
WYM67033,GenBank,PP526175,,nucleocapsid protein,Rat coronavirus,Betacoronavirus muris,Parker,454,
AHA83605,GenBank,KF850449,set:KF850449,replicase polyprotein 1a,Rat coronavirus,Betacoronavirus muris,MG6644,4464,1996-12-09
AHA83606,GenBank,KF850449,set:KF850449,replicase polyprotein 1ab,Rat coronavirus,Betacoronavirus muris,MG6644,7172,1996-12-09
AHA83607,GenBank,KF850449,set:KF850449,putative hemagglutinin-esterase,Rat coronavirus,Betacoronavirus muris,MG6644,412,1996-12-09
AHA83608,GenBank,KF850449,set:KF850449,putative spike glycoprotein,Rat coronavirus,Betacoronavirus muris,MG6644,916,1996-12-09
AHA83609,GenBank,KF850449,set:KF850449,non-structural protein 4,Rat coronavirus,Betacoronavirus muris,MG6644,133,1996-12-09
AHA83610,GenBank,KF850449,set:KF850449,envelope small membrane protein,Rat coronavirus,Betacoronavirus muris,MG6644,89,1996-12-09
AHA83611,GenBank,KF850449,set:KF850449,membrane protein,Rat coronavirus,Betacoronavirus muris,MG6644,228,1996-12-09
AHA83612,GenBank,KF850449,set:KF850449,nucleoprotein,Rat coronavirus,Betacoronavirus muris,MG6644,454,1996-12-09
AHA83613,GenBank,KF850449,set:KF850449,protein I,Rat coronavirus,Betacoronavirus muris,MG6644,207,1996-12-09
AFG25750,GenBank,JF792616,set:JF792616,spike glycoprotein,Rat coronavirus,Betacoronavirus muris,681,1360,
AFG25751,GenBank,JF792616,set:JF792616,nucleocapsid,Rat coronavirus,Betacoronavirus muris,681,454,
AFG25752,GenBank,JF792616,set:JF792616,15 kD non-structural protein,Rat coronavirus,Betacoronavirus muris,681,133,
AFG25753,GenBank,JF792616,set:JF792616,32 kD non-structural protein,Rat coronavirus,Betacoronavirus muris,681,273,
AFG25754,GenBank,JF792616,set:JF792616,membrane protein,Rat coronavirus,Betacoronavirus muris,681,228,
AFG25755,GenBank,JF792616,set:JF792616,internal protein,Rat coronavirus,Betacoronavirus muris,681,207,
AFG25756,GenBank,JF792616,set:JF792616,hemagglutinin esterase,Rat coronavirus,Betacoronavirus muris,681,437,
AFG25757,GenBank,JF792616,set:JF792616,envelope,Rat coronavirus,Betacoronavirus muris,681,88,
AFG25758,GenBank,JF792616,set:JF792616,1ab polyprotein,Rat coronavirus,Betacoronavirus muris,681,7176,
AFG25759,GenBank,JF792616,set:JF792616,1a polyprotein,Rat coronavirus,Betacoronavirus muris,681,4468,
AFG25760,GenBank,JF792617,set:JF792617,spike glycoprotein,Rat coronavirus,Betacoronavirus muris,8190,1360,
AFG25761,GenBank,JF792617,set:JF792617,nucleocapsid,Rat coronavirus,Betacoronavirus muris,8190,454,
AFG25762,GenBank,JF792617,set:JF792617,15 kD non-structural protein,Rat coronavirus,Betacoronavirus muris,8190,139,
AFG25763,GenBank,JF792617,set:JF792617,32 kD non-structural protein,Rat coronavirus,Betacoronavirus muris,8190,273,
AFG25764,GenBank,JF792617,set:JF792617,membrane protein,Rat coronavirus,Betacoronavirus muris,8190,229,
AFG25765,GenBank,JF792617,set:JF792617,internal protein,Rat coronavirus,Betacoronavirus muris,8190,207,
AFG25766,GenBank,JF792617,set:JF792617,hemagglutinin esterase,Rat coronavirus,Betacoronavirus muris,8190,439,
AFG25767,GenBank,JF792617,set:JF792617,envelope,Rat coronavirus,Betacoronavirus muris,8190,88,
AFG25768,GenBank,JF792617,set:JF792617,1ab polyprotein,Rat coronavirus,Betacoronavirus muris,8190,7175,
AFG25769,GenBank,JF792617,set:JF792617,1a polyprotein,Rat coronavirus,Betacoronavirus muris,8190,4467,
ACT11038,GenBank,FJ938068,set:FJ938068,orf1a polyprotein,Rat coronavirus Parker,Betacoronavirus muris,,4464,
ACT11039,GenBank,FJ938068,set:FJ938068,orf1ab polyprotein,Rat coronavirus Parker,Betacoronavirus muris,,7172,
ACT11040,GenBank,FJ938068,set:FJ938068,32 kD non-structural protein,Rat coronavirus Parker,Betacoronavirus muris,,265,
ACT11041,GenBank,FJ938068,set:FJ938068,hemagglutinin-esterase,Rat coronavirus Parker,Betacoronavirus muris,,439,
ACT11042,GenBank,FJ938068,set:FJ938068,spike protein,Rat coronavirus Parker,Betacoronavirus muris,,1360,
ACT11043,GenBank,FJ938068,set:FJ938068,15 kD non-structural protein,Rat coronavirus Parker,Betacoronavirus muris,,133,
ACT11044,GenBank,FJ938068,set:FJ938068,envelope protein,Rat coronavirus Parker,Betacoronavirus muris,,88,
ACT11045,GenBank,FJ938068,set:FJ938068,membrane protein,Rat coronavirus Parker,Betacoronavirus muris,,228,
ACT11046,GenBank,FJ938068,set:FJ938068,nucleocapsid protein,Rat coronavirus Parker,Betacoronavirus muris,,454,
ACT11047,GenBank,FJ938068,set:FJ938068,internal protein,Rat coronavirus Parker,Betacoronavirus muris,,207,
CAV30665,GenBank,FB764528,set:FB764528,unnamed protein product,Rat coronavirus,Betacoronavirus muris,,373,
Q9IKC5,GenBank,,,Protein I,Rat coronavirus (strain 681),Murine coronavirus,,207,
Q9IKC8,GenBank,,,Envelope small membrane protein,Rat coronavirus (strain 681),Murine coronavirus,,88,
Q9IKC9,GenBank,,,Non-structural protein of 12.7 kDa,Rat coronavirus (strain 681),Murine coronavirus,,107,
Q9IKD0,GenBank,,,Non-structural protein 4,Rat coronavirus (strain 681),Murine coronavirus,,139,
Q9IKD1,GenBank,,,Spike glycoprotein,Rat coronavirus (strain 681),Murine coronavirus,,1360,
Q9IKD3,GenBank,,,Non-structural protein 2a,Rat coronavirus (strain 681),Murine coronavirus,,265,
CAL39135,GenBank,CS382036,set:CS382036,unnamed protein product,Rat coronavirus,Betacoronavirus muris,,373,
ABA55819,GenBank,DQ198383,set:DQ198383,hemagglutinin-esterase,Rat coronavirus,Betacoronavirus muris,BCMM,439,
ABA55820,GenBank,DQ198384,set:DQ198384,hemagglutinin-esterase,Rat coronavirus,Betacoronavirus muris,WT,439,
ABA55821,GenBank,DQ198385,set:DQ198385,hemagglutinin-esterase,Rat coronavirus,Betacoronavirus muris,W,436,
ABA55822,GenBank,DQ198386,set:DQ198386,hemagglutinin-esterase,Rat coronavirus,Betacoronavirus muris,NJ,436,
ABA55823,GenBank,DQ198387,set:DQ198387,hemagglutinin-esterase,Rat coronavirus,Betacoronavirus muris,P,439,
AAW70591,GenBank,AY878323,set:AY878323,replicase 1b,Rat coronavirus,Betacoronavirus muris,,179,
Q9WQ77,GenBank,,,Replicase polyprotein 1ab,Rat coronavirus (strain 681),Murine coronavirus,,307,
Q9IKC7,GenBank,,,Membrane protein,Rat coronavirus (strain 681),Murine coronavirus,,228,
Q9WCD1,GenBank,,,Membrane protein,Rat coronavirus (strain NJ),Murine coronavirus,,222,
Q9IKD2,GenBank,,,Hemagglutinin-esterase,Rat coronavirus (strain 681),Murine coronavirus,,439,
Q9WCD0,GenBank,,,Nucleoprotein,Rat coronavirus (strain NJ),Murine coronavirus,,454,
CAC51143,GenBank,AX191447,set:AX191447,unnamed protein product,Rat coronavirus,Betacoronavirus muris,,821,
CAC51144,GenBank,AX191449,set:AX191449,unnamed protein product,Rat coronavirus,Betacoronavirus muris,,864,
AAF97736,GenBank,AF207551,set:AF207551,28 kD nonstructural protein,Rat sialodacryoadenitis coronavirus,Betacoronavirus muris,,265,
AAF97737,GenBank,AF207551,set:AF207551,hemagglutinin-esterase glycoprotein,Rat sialodacryoadenitis coronavirus,Betacoronavirus muris,,439,
AAF97738,GenBank,AF207551,set:AF207551,spike protein,Rat sialodacryoadenitis coronavirus,Betacoronavirus muris,,1360,
AAF97739,GenBank,AF207551,set:AF207551,15 kD nonstructural protein,Rat sialodacryoadenitis coronavirus,Betacoronavirus muris,,139,
AAF97740,GenBank,AF207551,set:AF207551,12.6 kD nonstructural protein,Rat sialodacryoadenitis coronavirus,Betacoronavirus muris,,107,
AAF97741,GenBank,AF207551,set:AF207551,small membrane protein,Rat sialodacryoadenitis coronavirus,Betacoronavirus muris,,88,
AAF97742,GenBank,AF207551,set:AF207551,membrane protein,Rat sialodacryoadenitis coronavirus,Betacoronavirus muris,,228,
AAF97743,GenBank,AF207551,set:AF207551,nucleocapsid protein,Rat sialodacryoadenitis coronavirus,Betacoronavirus muris,,454,
AAF97744,GenBank,AF207551,set:AF207551,unknown,Rat sialodacryoadenitis coronavirus,Betacoronavirus muris,,207,
AAD33104,GenBank,AF088984,set:AF088984,nucleocapsid,Rat coronavirus,Betacoronavirus muris,,454,
AAD33105,GenBank,AF088985,set:AF088985,membrane protein,Rat coronavirus,Betacoronavirus muris,,222,
AAD33106,GenBank,AF088986,set:AF088986,membrane protein,Rat coronavirus,Betacoronavirus muris,,222,
AAD33107,GenBank,AF088987,set:AF088987,surface glycoprotein,Rat coronavirus,Betacoronavirus muris,,126,
AAD33108,GenBank,AF088988,set:AF088988,surface glycoprotein,Rat coronavirus,Betacoronavirus muris,,126,
AAD33109,GenBank,AF088989,set:AF088989,surface glycoprotein,Rat coronavirus,Betacoronavirus muris,,126,
AAD33110,GenBank,AF088990,set:AF088990,surface glycoprotein,Rat coronavirus,Betacoronavirus muris,,126,
AAD32994,GenBank,AF124990,set:AF124990,RNA-directed RNA polymerase,Rat sialodacryoadenitis coronavirus,Betacoronavirus muris,,307,
Q02915,GenBank,,,Nucleoprotein,Rat coronavirus (strain 681),Murine coronavirus,,454,
BAA01591,GenBank,D10760,set:D10760,nucleocapsid protein,Rat sialodacryoadenitis coronavirus,Betacoronavirus muris,,454,
